Filename,Makespan,Energy,Inference_Time(s),Valid
job10_m3_11.json,Error
job10_m3_12.json,Error
job10_m3_216.json,Error
job10_m3_257.json,Error
job10_m3_409.json,Error
job10_m3_435.json,Error
job10_m3_536.json,Error
job10_m3_567.json,Error
job10_m3_625.json,Error
job10_m3_646.json,Error
job10_m3_819.json,Error
job10_m3_907.json,Error
job10_m3_969.json,Error
job10_m4_174.json,Error
job10_m4_255.json,Error
job10_m4_402.json,Error
job10_m4_442.json,Error
job10_m4_53.json,Error
job10_m4_562.json,Error
job10_m4_703.json,Error
job10_m4_79.json,Error
job10_m4_932.json,Error
job10_m5_122.json,Error
job10_m5_14.json,Error
job10_m5_151.json,Error
job10_m5_211.json,Error
job10_m5_228.json,Error
job10_m5_234.json,Error
job10_m5_235.json,Error
job10_m5_270.json,Error
job10_m5_347.json,Error
job10_m5_359.json,Error
job10_m5_380.json,Error
job10_m5_549.json,Error
job10_m5_572.json,Error
job10_m5_621.json,Error
job10_m5_641.json,Error
job10_m5_659.json,Error
job10_m5_732.json,Error
job10_m5_766.json,Error
job10_m5_814.json,Error
job10_m5_85.json,Error
job10_m5_863.json,Error
job10_m5_877.json,Error
job10_m5_878.json,Error
job10_m5_890.json,Error
job10_m5_916.json,Error
job10_m5_939.json,Error
job10_m6_205.json,Error
job10_m6_386.json,Error
job10_m6_608.json,Error
job10_m6_749.json,Error
job10_m6_885.json,Error
job10_m6_950.json,Error
job10_m7_128.json,Error
job10_m7_165.json,Error
job10_m7_166.json,Error
job10_m7_192.json,Error
job10_m7_222.json,Error
job10_m7_309.json,Error
job10_m7_357.json,Error
job10_m7_373.json,Error
job10_m7_428.json,Error
job10_m7_47.json,Error
job10_m7_593.json,Error
job10_m7_63.json,Error
job10_m7_767.json,Error
job10_m7_771.json,Error
job10_m7_772.json,Error
job10_m7_904.json,Error
job10_m7_952.json,Error
job10_m7_991.json,Error
job10_m8_104.json,Error
job10_m8_133.json,Error
job10_m8_213.json,Error
job10_m8_297.json,Error
job10_m8_335.json,Error
job10_m8_346.json,Error
job10_m8_398.json,Error
job10_m8_407.json,Error
job10_m8_448.json,Error
job10_m8_797.json,Error
job10_m8_870.json,Error
job10_m8_970.json,Error
job10_m8_989.json,Error
job11_m5_145.json,Error
job11_m5_265.json,Error
job11_m5_337.json,Error
job11_m5_498.json,Error
job11_m5_512.json,Error
job11_m5_522.json,Error
job11_m5_568.json,Error
job11_m5_733.json,Error
job11_m5_788.json,Error
job11_m5_862.json,Error
job11_m6_421.json,Error
job11_m6_504.json,Error
job11_m6_520.json,Error
job11_m6_594.json,Error
job11_m6_638.json,Error
job11_m6_854.json,Error
job11_m6_857.json,Error
job11_m6_910.json,Error
job11_m6_976.json,Error
job11_m7_129.json,Error
job11_m7_159.json,Error
job11_m7_263.json,Error
job11_m7_299.json,Error
job11_m7_387.json,Error
job11_m7_463.json,Error
job11_m7_479.json,Error
job11_m7_530.json,Error
job11_m7_577.json,Error
job11_m7_624.json,Error
job11_m7_726.json,Error
job11_m7_791.json,Error
job11_m7_911.json,Error
job11_m8_139.json,Error
job11_m8_187.json,Error
job11_m8_294.json,Error
job11_m8_314.json,Error
job11_m8_415.json,Error
job11_m8_437.json,Error
job11_m8_529.json,Error
job11_m8_626.json,Error
job11_m8_715.json,Error
job11_m8_719.json,Error
job11_m8_835.json,Error
job11_m8_843.json,Error
job11_m8_882.json,Error
job11_m8_956.json,Error
job12_m5_146.json,Error
job12_m5_203.json,Error
job12_m5_237.json,Error
job12_m5_302.json,Error
job12_m5_469.json,Error
job12_m5_474.json,Error
job12_m5_484.json,Error
job12_m5_654.json,Error
job12_m5_728.json,Error
job12_m5_838.json,Error
job12_m5_940.json,Error
job12_m5_972.json,Error
job12_m6_17.json,Error
job12_m6_181.json,Error
job12_m6_220.json,Error
job12_m6_278.json,Error
job12_m6_381.json,Error
job12_m6_521.json,Error
job12_m6_6.json,Error
job12_m6_600.json,Error
job12_m6_622.json,Error
job12_m6_853.json,Error
job12_m6_89.json,Error
job12_m6_901.json,Error
job12_m6_977.json,Error
job12_m6_978.json,Error
job12_m7_446.json,Error
job12_m7_513.json,Error
job12_m7_582.json,Error
job12_m7_604.json,Error
job12_m7_613.json,Error
job12_m7_678.json,Error
job12_m7_706.json,Error
job12_m7_777.json,Error
job12_m7_822.json,Error
job12_m7_845.json,Error
job12_m7_924.json,Error
job12_m7_980.json,Error
job12_m8_204.json,Error
job12_m8_348.json,Error
job12_m8_353.json,Error
job12_m8_43.json,Error
job12_m8_528.json,Error
job12_m8_606.json,Error
job12_m8_633.json,Error
job12_m8_67.json,Error
job12_m8_729.json,Error
job12_m8_75.json,Error
job12_m8_873.json,Error
job12_m8_895.json,Error
job12_m8_900.json,Error
job12_m8_929.json,Error
job13_m5_100.json,Error
job13_m5_143.json,Error
job13_m5_148.json,Error
job13_m5_355.json,Error
job13_m5_360.json,Error
job13_m5_374.json,Error
job13_m5_38.json,Error
job13_m5_535.json,Error
job13_m5_574.json,Error
job13_m5_590.json,Error
job13_m5_832.json,Error
job13_m5_915.json,Error
job13_m5_922.json,Error
job13_m5_979.json,Error
job13_m5_99.json,Error
job13_m6_112.json,Error
job13_m6_169.json,Error
job13_m6_223.json,Error
job13_m6_336.json,Error
job13_m6_338.json,Error
job13_m6_471.json,Error
job13_m6_556.json,Error
job13_m6_674.json,Error
job13_m6_740.json,Error
job13_m6_920.json,Error
job13_m6_930.json,Error
job13_m7_125.json,Error
job13_m7_131.json,Error
job13_m7_158.json,Error
job13_m7_514.json,Error
job13_m7_701.json,Error
job13_m7_708.json,Error
job13_m7_833.json,Error
job13_m7_848.json,Error
job13_m7_982.json,Error
job13_m8_207.json,Error
job13_m8_217.json,Error
job13_m8_251.json,Error
job13_m8_295.json,Error
job13_m8_361.json,Error
job13_m8_45.json,Error
job13_m8_476.json,Error
job13_m8_66.json,Error
job13_m8_750.json,Error
job13_m8_831.json,Error
job14_m5_150.json,Error
job14_m5_19.json,Error
job14_m5_271.json,Error
job14_m5_298.json,Error
job14_m5_317.json,Error
job14_m5_363.json,Error
job14_m5_488.json,Error
job14_m5_490.json,Error
job14_m5_491.json,Error
job14_m5_565.json,Error
job14_m5_59.json,Error
job14_m5_704.json,Error
job14_m5_794.json,Error
job14_m5_926.json,Error
job14_m5_957.json,Error
job14_m6_121.json,Error
job14_m6_137.json,Error
job14_m6_199.json,Error
job14_m6_231.json,Error
job14_m6_404.json,Error
job14_m6_432.json,Error
job14_m6_434.json,Error
job14_m6_483.json,Error
job14_m6_550.json,Error
job14_m6_650.json,Error
job14_m6_769.json,Error
job14_m6_778.json,Error
job14_m6_796.json,Error
job14_m6_842.json,Error
job14_m6_86.json,Error
job14_m6_899.json,Error
job14_m6_954.json,Error
job14_m7_224.json,Error
job14_m7_24.json,Error
job14_m7_258.json,Error
job14_m7_290.json,Error
job14_m7_300.json,Error
job14_m7_322.json,Error
job14_m7_410.json,Error
job14_m7_489.json,Error
job14_m7_495.json,Error
job14_m7_547.json,Error
job14_m7_680.json,Error
job14_m7_682.json,Error
job14_m7_818.json,Error
job14_m8_138.json,Error
job14_m8_15.json,Error
job14_m8_190.json,Error
job14_m8_247.json,Error
job14_m8_260.json,Error
job14_m8_269.json,Error
job14_m8_292.json,Error
job14_m8_49.json,Error
job14_m8_575.json,Error
job14_m8_580.json,Error
job14_m8_581.json,Error
job14_m8_647.json,Error
job14_m8_665.json,Error
job14_m8_690.json,Error
job14_m8_80.json,Error
job14_m8_817.json,Error
job14_m8_963.json,Error
job15_m5_108.json,Error
job15_m5_193.json,Error
job15_m5_305.json,Error
job15_m5_395.json,Error
job15_m5_408.json,Error
job15_m5_579.json,Error
job15_m5_585.json,Error
job15_m5_669.json,Error
job15_m5_676.json,Error
job15_m5_687.json,Error
job15_m5_879.json,Error
job15_m5_906.json,Error
job15_m5_958.json,Error
job15_m6_252.json,Error
job15_m6_316.json,Error
job15_m6_350.json,Error
job15_m6_630.json,Error
job15_m6_751.json,Error
job15_m6_808.json,Error
job15_m6_892.json,Error
job15_m7_201.json,Error
job15_m7_241.json,Error
job15_m7_482.json,Error
job15_m7_508.json,Error
job15_m7_660.json,Error
job15_m7_756.json,Error
job15_m7_984.json,Error
job15_m7_997.json,Error
job15_m8_141.json,Error
job15_m8_173.json,Error
job15_m8_232.json,Error
job15_m8_285.json,Error
job15_m8_330.json,Error
job15_m8_365.json,Error
job15_m8_400.json,Error
job15_m8_461.json,Error
job15_m8_478.json,Error
job15_m8_631.json,Error
job15_m8_693.json,Error
job15_m8_807.json,Error
job15_m8_894.json,Error
job15_m8_918.json,Error
job16_m5_180.json,Error
job16_m5_465.json,Error
job16_m5_543.json,Error
job16_m5_702.json,Error
job16_m5_713.json,Error
job16_m5_76.json,Error
job16_m5_852.json,Error
job16_m5_913.json,Error
job16_m5_936.json,Error
job16_m5_999.json,Error
job16_m6_105.json,Error
job16_m6_147.json,Error
job16_m6_209.json,Error
job16_m6_352.json,Error
job16_m6_358.json,Error
job16_m6_467.json,Error
job16_m6_628.json,Error
job16_m6_667.json,Error
job16_m6_801.json,Error
job16_m6_840.json,Error
job16_m6_891.json,Error
job16_m6_914.json,Error
job16_m6_917.json,Error
job16_m6_944.json,Error
job16_m6_981.json,Error
job16_m7_226.json,Error
job16_m7_264.json,Error
job16_m7_3.json,Error
job16_m7_519.json,Error
job16_m7_69.json,Error
job16_m7_707.json,Error
job16_m7_827.json,Error
job16_m7_905.json,Error
job16_m8_117.json,Error
job16_m8_188.json,Error
job16_m8_275.json,Error
job16_m8_42.json,Error
job16_m8_468.json,Error
job16_m8_507.json,Error
job16_m8_635.json,Error
job16_m8_648.json,Error
job16_m8_709.json,Error
job17_m5_110.json,Error
job17_m5_167.json,Error
job17_m5_310.json,Error
job17_m5_425.json,Error
job17_m5_475.json,Error
job17_m5_677.json,Error
job17_m5_739.json,Error
job17_m5_792.json,Error
job17_m5_965.json,Error
job17_m5_998.json,Error
job17_m6_120.json,Error
job17_m6_236.json,Error
job17_m6_244.json,Error
job17_m6_26.json,Error
job17_m6_71.json,Error
job17_m6_755.json,Error
job17_m6_761.json,Error
job17_m6_779.json,Error
job17_m6_945.json,Error
job17_m7_135.json,Error
job17_m7_326.json,Error
job17_m7_370.json,Error
job17_m7_392.json,Error
job17_m7_518.json,Error
job17_m7_605.json,Error
job17_m7_694.json,Error
job17_m7_783.json,Error
job17_m7_84.json,Error
job17_m7_928.json,Error
job17_m8_178.json,Error
job17_m8_196.json,Error
job17_m8_230.json,Error
job17_m8_243.json,Error
job17_m8_281.json,Error
job17_m8_354.json,Error
job17_m8_430.json,Error
job17_m8_459.json,Error
job17_m8_493.json,Error
job17_m8_539.json,Error
job17_m8_554.json,Error
job17_m8_642.json,Error
job17_m8_759.json,Error
job17_m8_810.json,Error
job17_m8_992.json,Error
job18_m5_126.json,Error
job18_m5_356.json,Error
job18_m5_393.json,Error
job18_m5_405.json,Error
job18_m5_601.json,Error
job18_m5_658.json,Error
job18_m5_821.json,Error
job18_m5_825.json,Error
job18_m5_927.json,Error
job18_m5_995.json,Error
job18_m6_163.json,Error
job18_m6_276.json,Error
job18_m6_445.json,Error
job18_m6_525.json,Error
job18_m6_651.json,Error
job18_m6_681.json,Error
job18_m6_714.json,Error
job18_m6_721.json,Error
job18_m6_753.json,Error
job18_m6_816.json,Error
job18_m7_250.json,Error
job18_m7_451.json,Error
job18_m7_485.json,Error
job18_m7_497.json,Error
job18_m7_55.json,Error
job18_m7_921.json,Error
job18_m7_953.json,Error
job18_m7_962.json,Error
job18_m7_971.json,Error
job18_m8_2.json,Error
job18_m8_245.json,Error
job18_m8_262.json,Error
job18_m8_526.json,Error
job18_m8_623.json,Error
job18_m8_858.json,Error
job18_m8_874.json,Error
job18_m8_941.json,Error
job18_m8_983.json,Error
job19_m5_168.json,Error
job19_m5_179.json,Error
job19_m5_229.json,Error
job19_m5_283.json,Error
job19_m5_33.json,Error
job19_m5_345.json,Error
job19_m5_553.json,Error
job19_m5_653.json,Error
job19_m5_657.json,Error
job19_m5_661.json,Error
job19_m5_671.json,Error
job19_m5_74.json,Error
job19_m5_774.json,Error
job19_m5_813.json,Error
job19_m5_919.json,Error
job19_m5_94.json,Error
job19_m5_95.json,Error
job19_m5_985.json,Error
job19_m6_239.json,Error
job19_m6_35.json,Error
job19_m6_52.json,Error
job19_m6_552.json,Error
job19_m6_571.json,Error
job19_m6_599.json,Error
job19_m6_617.json,Error
job19_m6_764.json,Error
job19_m6_793.json,Error
job19_m7_0.json,Error
job19_m7_155.json,Error
job19_m7_321.json,Error
job19_m7_436.json,Error
job19_m7_523.json,Error
job19_m7_664.json,Error
job19_m7_7.json,Error
job19_m7_70.json,Error
job19_m7_711.json,Error
job19_m7_786.json,Error
job19_m7_860.json,Error
job19_m7_934.json,Error
job19_m8_182.json,Error
job19_m8_219.json,Error
job19_m8_5.json,Error
job19_m8_673.json,Error
job19_m8_697.json,Error
job19_m8_730.json,Error
job19_m8_734.json,Error
job19_m8_736.json,Error
job19_m8_829.json,Error
job20_m10_149.json,Error
job20_m10_390.json,Error
job20_m10_4.json,Error
job20_m10_602.json,Error
job20_m10_684.json,Error
job20_m10_724.json,Error
job20_m10_868.json,Error
job20_m10_872.json,Error
job20_m5_210.json,Error
job20_m5_429.json,Error
job20_m5_441.json,Error
job20_m5_524.json,Error
job20_m5_735.json,Error
job20_m5_812.json,Error
job20_m5_896.json,Error
job20_m5_923.json,Error
job20_m5_935.json,Error
job20_m6_249.json,Error
job20_m6_267.json,Error
job20_m6_303.json,Error
job20_m6_334.json,Error
job20_m6_375.json,Error
job20_m6_449.json,Error
job20_m6_454.json,Error
job20_m6_462.json,Error
job20_m6_544.json,Error
job20_m6_587.json,Error
job20_m6_607.json,Error
job20_m6_640.json,Error
job20_m6_705.json,Error
job20_m6_861.json,Error
job20_m6_994.json,Error
job20_m7_20.json,Error
job20_m7_214.json,Error
job20_m7_477.json,Error
job20_m7_500.json,Error
job20_m7_57.json,Error
job20_m7_619.json,Error
job20_m7_629.json,Error
job20_m7_65.json,Error
job20_m7_776.json,Error
job20_m7_8.json,Error
job20_m7_866.json,Error
job20_m7_888.json,Error
job20_m7_967.json,Error
job20_m8_111.json,Error
job20_m8_134.json,Error
job20_m8_157.json,Error
job20_m8_161.json,Error
job20_m8_197.json,Error
job20_m8_349.json,Error
job20_m8_426.json,Error
job20_m8_583.json,Error
job20_m8_68.json,Error
job20_m8_710.json,Error
job20_m8_727.json,Error
job20_m8_784.json,Error
job20_m8_867.json,Error
job20_m8_87.json,Error
job20_m8_889.json,Error
job20_m8_988.json,Error
job20_m9_162.json,Error
job20_m9_293.json,Error
job20_m9_372.json,Error
job20_m9_413.json,Error
job20_m9_453.json,Error
job20_m9_612.json,Error
job20_m9_781.json,Error
job21_m10_22.json,Error
job21_m10_254.json,Error
job21_m10_389.json,Error
job21_m10_548.json,Error
job21_m10_609.json,Error
job21_m10_62.json,Error
job21_m10_683.json,Error
job21_m10_73.json,Error
job21_m10_871.json,Error
job21_m10_955.json,Error
job21_m10_98.json,Error
job21_m8_103.json,Error
job21_m8_570.json,Error
job21_m8_614.json,Error
job21_m8_773.json,Error
job21_m8_806.json,Error
job21_m8_811.json,Error
job21_m8_964.json,Error
job21_m9_287.json,Error
job21_m9_339.json,Error
job21_m9_382.json,Error
job21_m9_414.json,Error
job21_m9_427.json,Error
job21_m9_501.json,Error
job21_m9_505.json,Error
job21_m9_531.json,Error
job21_m9_685.json,Error
job21_m9_790.json,Error
job21_m9_82.json,Error
job21_m9_898.json,Error
job21_m9_938.json,Error
job22_m10_324.json,Error
job22_m10_367.json,Error
job22_m10_947.json,Error
job22_m8_127.json,Error
job22_m8_153.json,Error
job22_m8_185.json,Error
job22_m8_248.json,Error
job22_m8_32.json,Error
job22_m8_541.json,Error
job22_m8_566.json,Error
job22_m8_576.json,Error
job22_m8_672.json,Error
job22_m8_789.json,Error
job22_m8_809.json,Error
job22_m9_101.json,Error
job22_m9_311.json,Error
job22_m9_378.json,Error
job22_m9_388.json,Error
job22_m9_411.json,Error
job22_m9_627.json,Error
job22_m9_652.json,Error
job22_m9_948.json,Error
job22_m9_986.json,Error
job22_m9_987.json,Error
job23_m10_202.json,Error
job23_m10_246.json,Error
job23_m10_266.json,Error
job23_m10_37.json,Error
job23_m10_481.json,Error
job23_m10_486.json,Error
job23_m10_564.json,Error
job23_m10_744.json,Error
job23_m10_747.json,Error
job23_m10_763.json,Error
job23_m10_859.json,Error
job23_m10_959.json,Error
job23_m8_136.json,Error
job23_m8_289.json,Error
job23_m8_342.json,Error
job23_m8_420.json,Error
job23_m8_438.json,Error
job23_m8_563.json,Error
job23_m8_586.json,Error
job23_m8_632.json,Error
job23_m8_662.json,Error
job23_m8_691.json,Error
job23_m8_849.json,Error
job23_m8_960.json,Error
job23_m9_198.json,Error
job23_m9_212.json,Error
job23_m9_27.json,Error
job23_m9_274.json,Error
job23_m9_331.json,Error
job23_m9_61.json,Error
job23_m9_912.json,Error
job24_m10_546.json,Error
job24_m10_700.json,Error
job24_m10_760.json,Error
job24_m10_795.json,Error
job24_m10_946.json,Error
job24_m10_949.json,Error
job24_m8_259.json,Error
job24_m8_273.json,Error
job24_m8_320.json,Error
job24_m8_340.json,Error
job24_m8_394.json,Error
job24_m8_555.json,Error
job24_m8_56.json,Error
job24_m8_780.json,Error
job24_m8_802.json,Error
job24_m8_925.json,Error
job24_m8_951.json,Error
job24_m9_215.json,Error
job24_m9_268.json,Error
job24_m9_397.json,Error
job24_m9_470.json,Error
job24_m9_506.json,Error
job24_m9_534.json,Error
job24_m9_742.json,Error
job25_m10_238.json,Error
job25_m10_28.json,Error
job25_m10_377.json,Error
job25_m10_440.json,Error
job25_m10_457.json,Error
job25_m10_494.json,Error
job25_m10_670.json,Error
job25_m10_844.json,Error
job25_m10_90.json,Error
job25_m10_973.json,Error
job25_m10_974.json,Error
job25_m8_119.json,Error
job25_m8_142.json,Error
job25_m8_164.json,Error
job25_m8_385.json,Error
job25_m8_399.json,Error
job25_m8_40.json,Error
job25_m8_401.json,Error
job25_m8_456.json,Error
job25_m8_64.json,Error
job25_m8_716.json,Error
job25_m8_88.json,Error
job25_m9_140.json,Error
job25_m9_170.json,Error
job25_m9_18.json,Error
job25_m9_261.json,Error
job25_m9_34.json,Error
job25_m9_391.json,Error
job25_m9_422.json,Error
job25_m9_884.json,Error
job26_m10_23.json,Error
job26_m10_464.json,Error
job26_m10_499.json,Error
job26_m10_532.json,Error
job26_m10_537.json,Error
job26_m10_679.json,Error
job26_m10_718.json,Error
job26_m10_720.json,Error
job26_m10_839.json,Error
job26_m8_176.json,Error
job26_m8_221.json,Error
job26_m8_227.json,Error
job26_m8_256.json,Error
job26_m8_327.json,Error
job26_m8_329.json,Error
job26_m8_419.json,Error
job26_m8_44.json,Error
job26_m8_452.json,Error
job26_m8_903.json,Error
job26_m9_200.json,Error
job26_m9_279.json,Error
job26_m9_308.json,Error
job26_m9_325.json,Error
job26_m9_341.json,Error
job26_m9_557.json,Error
job26_m9_757.json,Error
job26_m9_770.json,Error
job26_m9_78.json,Error
job26_m9_799.json,Error
job26_m9_83.json,Error
job26_m9_851.json,Error
job26_m9_942.json,Error
job27_m10_511.json,Error
job27_m10_54.json,Error
job27_m10_560.json,Error
job27_m8_114.json,Error
job27_m8_191.json,Error
job27_m8_31.json,Error
job27_m8_517.json,Error
job27_m8_615.json,Error
job27_m8_752.json,Error
job27_m8_765.json,Error
job27_m8_968.json,Error
job27_m9_177.json,Error
job27_m9_240.json,Error
job27_m9_272.json,Error
job27_m9_286.json,Error
job27_m9_620.json,Error
job28_m10_362.json,Error
job28_m10_364.json,Error
job28_m10_616.json,Error
job28_m10_656.json,Error
job28_m10_81.json,Error
job28_m10_834.json,Error
job28_m10_865.json,Error
job28_m8_115.json,Error
job28_m8_124.json,Error
job28_m8_186.json,Error
job28_m8_343.json,Error
job28_m8_496.json,Error
job28_m8_509.json,Error
job28_m8_538.json,Error
job28_m8_77.json,Error
job28_m8_798.json,Error
job28_m8_803.json,Error
job28_m8_933.json,Error
job28_m9_102.json,Error
job28_m9_315.json,Error
job28_m9_36.json,Error
job28_m9_369.json,Error
job28_m9_39.json,Error
job28_m9_41.json,Error
job28_m9_487.json,Error
job28_m9_58.json,Error
job28_m9_591.json,Error
job28_m9_785.json,Error
job28_m9_996.json,Error
job29_m10_296.json,Error
job29_m10_319.json,Error
job29_m10_533.json,Error
job29_m10_589.json,Error
job29_m10_595.json,Error
job29_m10_717.json,Error
job29_m10_864.json,Error
job29_m10_966.json,Error
job29_m8_328.json,Error
job29_m8_383.json,Error
job29_m8_466.json,Error
job29_m8_559.json,Error
job29_m8_645.json,Error
job29_m8_824.json,Error
job29_m8_828.json,Error
job29_m8_869.json,Error
job29_m8_875.json,Error
job29_m9_304.json,Error
job29_m9_417.json,Error
job29_m9_433.json,Error
job29_m9_510.json,Error
job29_m9_545.json,Error
job29_m9_573.json,Error
job29_m9_663.json,Error
job29_m9_695.json,Error
job29_m9_723.json,Error
job29_m9_902.json,Error
job30_m10_107.json,Error
job30_m10_154.json,Error
job30_m10_376.json,Error
job30_m10_450.json,Error
job30_m10_745.json,Error
job30_m10_830.json,Error
job30_m8_106.json,Error
job30_m8_25.json,Error
job30_m8_282.json,Error
job30_m8_46.json,Error
job30_m8_516.json,Error
job30_m8_588.json,Error
job30_m8_698.json,Error
job30_m8_754.json,Error
job30_m8_758.json,Error
job30_m8_943.json,Error
job30_m9_113.json,Error
job30_m9_291.json,Error
job30_m9_48.json,Error
job30_m9_649.json,Error
job30_m9_9.json,Error
job30_m9_961.json,Error
job5_m3_10.json,Error
job5_m3_152.json,Error
job5_m3_208.json,Error
job5_m3_242.json,Error
job5_m3_318.json,Error
job5_m3_351.json,Error
job5_m3_611.json,Error
job5_m3_643.json,Error
job5_m3_675.json,Error
job5_m3_737.json,Error
job5_m3_743.json,Error
job5_m3_775.json,Error
job5_m3_782.json,Error
job5_m3_855.json,Error
job5_m3_883.json,Error
job5_m3_97.json,Error
job5_m4_171.json,Error
job5_m4_323.json,Error
job5_m4_366.json,Error
job5_m4_403.json,Error
job5_m4_431.json,Error
job5_m4_836.json,Error
job5_m4_880.json,Error
job5_m5_118.json,Error
job5_m5_253.json,Error
job5_m5_306.json,Error
job5_m5_416.json,Error
job5_m5_458.json,Error
job5_m5_473.json,Error
job5_m5_480.json,Error
job5_m5_542.json,Error
job5_m5_644.json,Error
job5_m5_655.json,Error
job5_m5_787.json,Error
job5_m5_815.json,Error
job6_m3_123.json,Error
job6_m3_29.json,Error
job6_m3_307.json,Error
job6_m3_333.json,Error
job6_m3_447.json,Error
job6_m3_51.json,Error
job6_m3_637.json,Error
job6_m3_666.json,Error
job6_m3_689.json,Error
job6_m3_826.json,Error
job6_m3_881.json,Error
job6_m3_908.json,Error
job6_m3_93.json,Error
job6_m3_975.json,Error
job6_m4_189.json,Error
job6_m4_332.json,Error
job6_m4_618.json,Error
job6_m4_699.json,Error
job6_m4_725.json,Error
job6_m4_846.json,Error
job6_m4_91.json,Error
job6_m5_172.json,Error
job6_m5_301.json,Error
job6_m5_424.json,Error
job6_m5_741.json,Error
job6_m5_800.json,Error
job6_m5_841.json,Error
job6_m5_886.json,Error
job7_m3_16.json,Error
job7_m3_175.json,Error
job7_m3_206.json,Error
job7_m3_277.json,Error
job7_m3_280.json,Error
job7_m3_312.json,Error
job7_m3_379.json,Error
job7_m3_406.json,Error
job7_m3_492.json,Error
job7_m3_515.json,Error
job7_m3_551.json,Error
job7_m3_584.json,Error
job7_m3_696.json,Error
job7_m3_96.json,Error
job7_m3_990.json,Error
job7_m4_109.json,Error
job7_m4_132.json,Error
job7_m4_288.json,Error
job7_m4_344.json,Error
job7_m4_444.json,Error
job7_m4_502.json,Error
job7_m4_597.json,Error
job7_m4_598.json,Error
job7_m4_668.json,Error
job7_m4_804.json,Error
job7_m4_893.json,Error
job7_m5_195.json,Error
job7_m5_313.json,Error
job7_m5_460.json,Error
job7_m5_561.json,Error
job7_m5_610.json,Error
job7_m5_823.json,Error
job7_m5_937.json,Error
job7_m5_993.json,Error
job8_m3_183.json,Error
job8_m3_225.json,Error
job8_m3_233.json,Error
job8_m3_30.json,Error
job8_m3_371.json,Error
job8_m3_527.json,Error
job8_m3_592.json,Error
job8_m3_634.json,Error
job8_m3_820.json,Error
job8_m3_847.json,Error
job8_m3_897.json,Error
job8_m4_1.json,Error
job8_m4_116.json,Error
job8_m4_194.json,Error
job8_m4_218.json,Error
job8_m4_50.json,Error
job8_m4_540.json,Error
job8_m4_603.json,Error
job8_m4_639.json,Error
job8_m4_686.json,Error
job8_m4_688.json,Error
job8_m4_72.json,Error
job8_m4_722.json,Error
job8_m4_876.json,Error
job8_m4_931.json,Error
job8_m5_13.json,Error
job8_m5_160.json,Error
job8_m5_184.json,Error
job8_m5_284.json,Error
job8_m5_418.json,Error
job8_m5_423.json,Error
job8_m5_455.json,Error
job8_m5_558.json,Error
job8_m5_60.json,Error
job8_m5_837.json,Error
job8_m5_850.json,Error
job9_m3_144.json,Error
job9_m3_156.json,Error
job9_m3_412.json,Error
job9_m3_439.json,Error
job9_m3_472.json,Error
job9_m3_712.json,Error
job9_m3_731.json,Error
job9_m3_738.json,Error
job9_m3_805.json,Error
job9_m3_909.json,Error
job9_m4_130.json,Error
job9_m4_21.json,Error
job9_m4_396.json,Error
job9_m4_503.json,Error
job9_m4_569.json,Error
job9_m4_578.json,Error
job9_m4_748.json,Error
job9_m4_856.json,Error
job9_m5_368.json,Error
job9_m5_384.json,Error
job9_m5_443.json,Error
job9_m5_596.json,Error
job9_m5_636.json,Error
job9_m5_692.json,Error
job9_m5_746.json,Error
job9_m5_762.json,Error
job9_m5_768.json,Error
job9_m5_887.json,Error
job9_m5_92.json,Error
